nome,cpf,idade,data,endereco,estado
Sr. Vitor Gabriel Silva,640.***.***-01,90,,"trevo emanuel silva, 482",AP
Calebe Santos,651.***.***-46,40,,"recanto moraes, 7",PB
Maria Julia Castro,164.***.***-43,0,,"residencial de pereira, 20",AL
Arthur Da Rosa,085.***.***-30,53,,"parque almeida, 66",SE
Juan Pereira,520.***.***-21,68,,"rodovia de pereira, 51",BA
Dra. Ana Laura Ribeiro,210.***.***-20,69,,esplanada lavínia ramos,SP
Maria Clara Araújo,960.***.***-80,41,,"praça cavalcanti, 65",RO
Vitória Oliveira,302.***.***-83,31,,"esplanada monteiro, 88",GO
Benjamin Oliveira,451.***.***-84,49,,"ladeira monteiro, 57",CE
Pietro Barros,843.***.***-50,51,,"recanto luiz miguel jesus, 35",PB
Samuel Cavalcanti,520.***.***-01,89,,"ladeira de porto, 38",TO
Ian Da Costa,384.***.***-78,23,,"via de jesus, 57",PB
Dr. Emanuel Costa,736.***.***-19,55,,"lago castro, 94",RJ
Larissa Da Cruz,128.***.***-60,83,,"setor isadora da rosa, 583",RR
Diogo Carvalho,078.***.***-97,83,,"viaduto pedro lucas cavalcanti, 49",RS
Sr. Anthony Almeida,305.***.***-60,37,,"rua vitor hugo pinto, 21",RJ
Clara Martins,397.***.***-86,77,,"rodovia aragão, 245",MG
Dr. Luiz Felipe Cardoso,374.***.***-20,69,,"alameda de lima, 65",PE
Sr. Calebe Lopes,135.***.***-77,62,,"trecho lucas sales, 24",RO
Miguel Monteiro,097.***.***-41,54,,"passarela igor novaes, 89",SE
Srta. Catarina Da Mata,468.***.***-57,81,,"sítio luna carvalho, 98",AM
João Gabriel Araújo,625.***.***-25,73,,"esplanada de castro, 4",MT
Sr. Nicolas Azevedo,036.***.***-33,35,,"estrada de aragão, 1",AC
Kamilly Caldeira,508.***.***-47,45,,via gabriela nascimento,AP
Renan Araújo,186.***.***-57,79,,"travessa vinicius da mata, 52",CE
Vicente Nascimento,054.***.***-32,63,,largo vieira,DF
Isaac Rocha,873.***.***-69,57,,"área lucas gabriel silveira, 51",PE
Julia Das Neves,819.***.***-05,60,,"jardim isabelly gomes, 23",ES
Breno Rodrigues,196.***.***-34,95,,distrito de silveira,AM
Isabel Nogueira,968.***.***-65,63,,travessa ana júlia da rocha,TO
Anthony Araújo,208.***.***-26,38,,"avenida milena pires, 360",AP
Sra. Marina Da Cunha,067.***.***-95,55,,"rodovia marcelo souza, 25",RN
Helena Cardoso,853.***.***-39,51,,"pátio alexandre teixeira, 243",RR
Luigi Nunes,593.***.***-24,50,,"via clara da rosa, 928",RR
Srta. Raquel Da Costa,278.***.***-09,58,,"estação ribeiro, 46",PB
Sra. Ana Vitória Oliveira,120.***.***-17,61,,"sítio de cavalcanti, 97",PA
Luiza Campos,974.***.***-03,52,,"condomínio de rodrigues, 52",SC
Lucca Da Paz,526.***.***-95,71,,"rodovia vieira, 63",RN
Nathan Da Rosa,907.***.***-25,31,,"recanto de da conceição, 1",AM
Lívia Silveira,804.***.***-85,61,,"setor de azevedo, 375",AL
Isabel Cavalcanti,492.***.***-04,54,,"ladeira pietra cunha, 13",PA
Rafael Nunes,285.***.***-76,38,,"vereda davi lucca barbosa, 35",GO
Elisa Fogaça,572.***.***-92,95,,"rodovia ana júlia araújo, 68",PE
Agatha Ramos,948.***.***-85,24,,"distrito de barros, 41",RJ
Kamilly Rocha,946.***.***-48,59,,"feira campos, 17",DF
Antônio Das Neves,435.***.***-82,40,,"avenida vitor hugo cardoso, 34",SC
Luiz Gustavo Alves,198.***.***-10,45,,"rodovia de souza, 63",MS
Emanuella Fernandes,097.***.***-96,87,,"residencial ian da paz, 6",PR
Srta. Ana Beatriz Farias,431.***.***-39,62,,"ladeira de da paz, 98",PE
Yago Monteiro,865.***.***-00,44,,"ladeira pereira, 21",BA
Yasmin Gonçalves,017.***.***-14,76,,"área barros, 46",BA
Bruna Nascimento,132.***.***-52,34,,"vereda luiz felipe costa, 70",DF
Davi Luiz Nogueira,873.***.***-50,97,,"vila sales, 97",ES
Ian Monteiro,324.***.***-91,24,,"favela alana ribeiro, 318",MS
Srta. Helena Silva,905.***.***-01,35,,"parque freitas, 82",AC
Bárbara Novaes,038.***.***-15,88,,"trecho bryan da cunha, 1",PA
Sr. Pedro Lucas Costela,534.***.***-00,30,,esplanada moreira,ES
Rafael Jesus,673.***.***-80,22,,"campo de barros, 16",DF
Sra. Alícia Caldeira,051.***.***-70,90,,"distrito esther campos, 264",PA
Danilo Martins,760.***.***-39,99,,"largo pires, 78",AP
Sr. Gabriel Da Rosa,530.***.***-53,49,,campo isabelly freitas,CE
Augusto Teixeira,412.***.***-16,69,,favela maria novaes,RR
Ana Julia Da Rosa,630.***.***-65,42,,"trevo moraes, 5",SP
Lucca Barbosa,836.***.***-77,97,,"rua mendes, 337",SP
Amanda Da Costa,268.***.***-29,23,,"lagoa cardoso, 1",SP
Dr. Francisco Cardoso,430.***.***-50,96,,"lago maitê campos, 31",TO
Lorena Farias,268.***.***-82,92,,"residencial barbosa, 44",AP
Anthony Da Costa,935.***.***-97,36,,"recanto de rocha, 68",SE
Cauã Rodrigues,107.***.***-87,98,,"vale gustavo henrique alves, 50",AL
Anthony Barbosa,631.***.***-00,86,,vila farias,RN
Ana Julia Almeida,179.***.***-09,22,,"fazenda de porto, 3",MA
Milena Barros,314.***.***-51,74,,"setor miguel pires, 3",PA
Murilo Gomes,759.***.***-93,99,,morro de castro,SP
Daniel Barbosa,812.***.***-98,28,,"praça ferreira, 764",CE
Dr. Samuel Cardoso,039.***.***-96,47,,"vereda cauê novaes, 14",BA
Ana Laura Sales,863.***.***-22,78,,"fazenda de pinto, 42",PR
Mariana Cunha,492.***.***-25,81,,"loteamento luiz felipe teixeira, 87",AM
Sr. João Guilherme Cavalcanti,347.***.***-70,38,,"quadra emanuella da conceição, 29",MS
Kamilly Rocha,365.***.***-10,63,,"rodovia danilo costa, 17",MS
Gabriel Nunes,940.***.***-04,55,,vila stephany lima,PA
Rafael Correia,579.***.***-05,72,,"morro de cardoso, 47",SE
Ana Lívia Barbosa,925.***.***-60,62,,lagoa sarah azevedo,CE
Maitê Teixeira,694.***.***-39,90,,"loteamento oliveira, 29",PE
Carlos Eduardo Santos,937.***.***-37,69,,"largo nascimento, 97",PR
Enzo Gabriel Araújo,349.***.***-96,70,,endereço inválido,DESCONHECIDO
Breno Moreira,184.***.***-49,40,,"aeroporto de das neves, 7",AL
Julia Lopes,106.***.***-31,47,,"conjunto de cardoso, 5",PR
André Lima,645.***.***-70,79,,viaduto cardoso,RO
João Gabriel Barbosa,190.***.***-67,55,,fazenda de barros,DF
,438.***.***-56,21,,colônia maria vitória moura,GO
João Felipe Oliveira,830.***.***-00,42,,avenida de cardoso,RN
Samuel Vieira,218.***.***-53,40,,"lagoa leandro caldeira, 1",MT
Lucca Ferreira,237.***.***-19,86,,"esplanada de das neves, 5",MG
Samuel Castro,582.***.***-70,70,,"praia eloah da mata, 95",AL
Maria Vitória Teixeira,426.***.***-25,61,,"praia carvalho, 7",PA
Maria Fernanda Farias,907.***.***-20,22,,"área de correia, 44",AM
Fernanda Sales,879.***.***-32,71,,"vale lorenzo almeida, 80",PE
Srta. Eduarda Nogueira,602.***.***-07,66,,chácara isadora das neves,PB
Maitê Ferreira,016.***.***-99,65,,estação cunha,PR
Catarina Pires,079.***.***-11,47,,"loteamento de lima, 1",MT
Manuela Da Rocha,839.***.***-57,74,,"alameda de gonçalves, 79",SP
Nina Moura,604.***.***-25,46,,"quadra bernardo ferreira, 85",PA
Pedro Henrique Vieira,526.***.***-03,42,,"rodovia alícia dias, 58",RR
Ana Clara Cunha,862.***.***-02,36,,"rua de cavalcanti, 8",AC
Pietra Santos,508.***.***-67,94,,"esplanada de silva, 1",GO
Sr. Theo Da Conceição,284.***.***-14,26,,"viaduto de freitas, 12",RR
Vinicius Da Costa,023.***.***-16,66,,"recanto valentina pinto, 52",PA
Pedro Henrique Cunha,519.***.***-93,59,,"passarela de santos, 501",ES
Davi Nogueira,564.***.***-11,74,,"morro lucca da rocha, 40",CE
Luiz Fernando Da Paz,409.***.***-11,80,,"praça de da paz, 5",TO
Srta. Letícia Rocha,137.***.***-32,77,,"fazenda joão felipe souza, 78",SC
João Nogueira,367.***.***-10,91,,"rodovia cauê monteiro, 50",CE
João Gabriel Cardoso,962.***.***-34,53,,"área de ferreira, 20",AC
Ryan Ribeiro,409.***.***-48,95,,"núcleo almeida, 41",PB
Olivia Das Neves,314.***.***-55,23,,"lagoa de vieira, 25",AL
Sr. Luiz Miguel Pinto,942.***.***-76,55,,"conjunto da luz, 6",SC
Elisa Teixeira,217.***.***-73,79,,"ladeira de rodrigues, 58",ES
Pedro Miguel Das Neves,523.***.***-03,59,,"jardim de nascimento, 7",RS
Maria Luiza Azevedo,064.***.***-47,76,,"quadra de da cruz, 42",PE
Lorenzo Silva,642.***.***-13,47,,"conjunto de da cruz, 1",RJ
Bianca Souza,673.***.***-40,97,,"colônia francisco campos, 7",SC
Vitor Azevedo,643.***.***-20,71,,largo de barbosa,AL
Enzo Gabriel Lima,187.***.***-94,57,,aeroporto rezende,SP
Eduarda Cunha,093.***.***-32,59,,"campo de pinto, 72",PI
Sra. Nicole Da Rocha,367.***.***-03,79,,"setor de ferreira, 742",RR
Ana Clara Santos,430.***.***-04,35,,"ladeira de sales, 15",DF
Enzo Gabriel Castro,694.***.***-65,96,,ladeira de teixeira,PB
Nicole Ferreira,701.***.***-22,28,,"aeroporto duarte, 9",ES
Erick Sales,498.***.***-48,37,,"trecho de martins, 51",PR
Anthony Barros,742.***.***-07,42,,"vila alexia viana, 87",PA
Renan Da Rocha,986.***.***-10,53,,"morro melo, 463",RO
Marcela Santos,843.***.***-42,24,,"residencial de aragão, 65",RN
Carolina Melo,970.***.***-05,39,,"vereda kamilly da rosa, 80",SC
Lavínia Rezende,946.***.***-70,44,,"morro davi luiz correia, 38",CE
Srta. Julia Porto,502.***.***-61,75,,"distrito ana laura aragão, 90",MA
Alana Cardoso,572.***.***-41,32,,"favela gonçalves, 32",PR
Davi Lucas Cardoso,805.***.***-83,28,,"viela da paz, 92",MT
Raul Santos,315.***.***-03,19,,"loteamento emanuelly sales, 135",SP
Igor Melo,261.***.***-17,46,,"favela oliveira, 67",PR
Joaquim Da Costa,274.***.***-56,76,,"condomínio campos, 38",SP
João Felipe Farias,936.***.***-01,28,,"estação milena silva, 549",PE
Manuela Almeida,647.***.***-30,75,,"feira alice ramos, 3",PE
Ryan Rocha,248.***.***-51,64,,"passarela nogueira, 8",PI
Luna Da Conceição,935.***.***-91,96,,"campo campos, 82",MA
Manuela Silva,591.***.***-73,19,,"jardim beatriz farias, 11",AL
Maria Vitória Das Neves,761.***.***-34,96,,lagoa cavalcanti,PE
Marcela Cunha,904.***.***-32,45,,"rua sales, 4",SE
Bryan Souza,593.***.***-00,66,,"viaduto thales costela, 23",BA
Kevin Cavalcanti,658.***.***-01,48,,"distrito maria moraes, 9",PR
Sr. João Gabriel Martins,794.***.***-85,74,,"esplanada de moura, 95",MA
Gabriela Da Mata,746.***.***-90,67,,"viaduto de peixoto, 16",CE
Srta. Júlia Fernandes,650.***.***-98,48,,"condomínio leandro da mota, 20",TO
Bárbara Silveira,386.***.***-04,40,,trevo carvalho,RN
Vinicius Jesus,549.***.***-91,89,,morro de duarte,RS
Srta. Alice Pires,536.***.***-56,41,,"praia ana carolina correia, 11",RO
Lara Ferreira,698.***.***-75,72,,"rodovia de fogaça, 96",RS
Felipe Freitas,863.***.***-01,98,,"rua duarte, 85",AC
Maysa Pires,852.***.***-11,68,,"sítio mariana almeida, 86",PR
Letícia Da Mata,308.***.***-31,48,,"aeroporto da paz, 54",PR
Luigi Cunha,623.***.***-34,92,,"praia nascimento, 541",PA
Lucas Gabriel Gomes,120.***.***-40,20,,"distrito de cardoso, 24",PI
Emanuelly Costela,152.***.***-97,46,,"vale de vieira, 67",PA
Calebe Nascimento,631.***.***-87,85,,"trecho brenda ferreira, 25",RJ
Juan Pires,139.***.***-46,76,,"avenida de santos, 89",MS
Lívia Costa,582.***.***-50,81,,"loteamento oliveira, 12",AM
Davi Lucas Nunes,679.***.***-03,21,,"vila viana, 68",AM
Dr. Lucca Oliveira,806.***.***-75,89,,"passarela jesus, 34",PB
Eduardo Monteiro,037.***.***-65,61,,viaduto caldeira,PE
Diogo Moraes,571.***.***-52,47,,"sítio aragão, 73",RJ
Felipe Freitas,657.***.***-57,18,,área gabriela nascimento,RR
Ryan Peixoto,830.***.***-98,27,,"estrada agatha correia, 79",TO
Otávio Pires,526.***.***-01,25,,"pátio ribeiro, 33",MS
Thiago Moreira,023.***.***-03,61,,"residencial rebeca da paz, 43",SC
Pietro Lopes,428.***.***-19,61,,"aeroporto moura, 81",SP
Gabriela Gomes,317.***.***-50,42,,"parque mariane araújo, 1",RO
João Miguel Viana,183.***.***-77,23,,"estrada de carvalho, 309",DF
Sr. Luiz Henrique Nunes,031.***.***-77,76,,"via da cunha, 11",TO
Srta. Ana Sophia Viana,937.***.***-68,29,,"rodovia agatha cavalcanti, 27",AP
Sr. Marcelo Aragão,418.***.***-40,85,,praça raul pires,TO
Enzo Gabriel Da Mota,018.***.***-24,30,,vila farias,SE
Benjamin Da Rosa,195.***.***-86,99,,"núcleo maria luiza novaes, 100",RJ
Ana Rezende,316.***.***-64,68,,"esplanada de da cruz, 73",PE
Dr. Thomas Dias,267.***.***-03,45,,"jardim ana carolina da mota, 6",AP
Breno Ribeiro,803.***.***-78,38,,"vereda de costela, 27",MG
Lucas Gabriel Novaes,856.***.***-11,42,,"trevo manuela jesus, 927",SC
Vicente Rodrigues,328.***.***-79,85,,"chácara cardoso, 14",RN
João Lucas Vieira,985.***.***-05,38,,"praça de oliveira, 35",RN
Dr. Luiz Henrique Freitas,951.***.***-88,47,,"residencial luigi duarte, 6",SC
Dra. Luiza Da Conceição,189.***.***-33,96,,"núcleo de ferreira, 77",PR
Benjamin Cavalcanti,317.***.***-41,26,,"área de fernandes, 37",MT
Murilo Mendes,653.***.***-17,77,,"loteamento porto, 4",SE
Dr. Renan Rezende,609.***.***-38,65,,"área de ribeiro, 688",PR
Maysa Porto,081.***.***-84,68,,"pátio carlos eduardo azevedo, 76",RO
Pedro Lucas Pereira,873.***.***-35,84,,"quadra almeida, 83",CE
Isadora Nogueira,480.***.***-05,50,,"feira almeida, 72",RJ
Gabriel Ramos,591.***.***-05,76,,"viaduto de freitas, 46",TO
Yago Ferreira,531.***.***-00,87,,"ladeira agatha almeida, 27",RS
Samuel Da Mata,521.***.***-11,21,,"residencial cavalcanti, 50",MG
Dr. Rafael Souza,436.***.***-07,45,,"rodovia de moreira, 6",AM
Vitor Hugo Lima,450.***.***-80,85,,"esplanada oliveira, 654",PR
Dr. Bernardo Da Cruz,230.***.***-50,21,,"rodovia thomas santos, 48",AM
Caio Da Cunha,926.***.***-00,93,,"vila milena porto, 70",RO
Stephany Duarte,642.***.***-46,97,,"lagoa rebeca novaes, 77",SE
Kevin Da Conceição,074.***.***-94,63,,"núcleo sales, 59",PE
Srta. Giovanna Aragão,142.***.***-17,76,,"feira sales, 82",AL
Pedro Henrique Pinto,653.***.***-37,25,,"colônia de azevedo, 22",CE
Joaquim Da Cruz,532.***.***-41,30,,alameda fernandes,AM
Leandro Souza,560.***.***-86,29,,"estrada de castro, 671",PI
Beatriz Aragão,805.***.***-04,52,,"trecho calebe ferreira, 902",AL
Carlos Eduardo Teixeira,546.***.***-98,48,,"chácara joão gabriel correia, 983",ES
Joana Da Rocha,915.***.***-33,46,,"lago maria cecília dias, 93",MG
Lucas Gabriel Da Luz,203.***.***-70,18,,via de santos,DF
Davi Lucas Da Costa,502.***.***-52,18,,"viela mariana ferreira, 867",AL
Henrique Da Rocha,713.***.***-44,33,,"via caio carvalho, 11",AM
Lorena Fernandes,574.***.***-93,92,,residencial joão guilherme campos,PR
Nathan Nogueira,837.***.***-56,44,,"vereda jesus, 420",DF
Srta. Maysa Rezende,726.***.***-55,81,,"setor de da mata, 49",PI
Erick Santos,680.***.***-67,43,,"rua lavínia da rosa, 9",TO
Agatha Sales,983.***.***-30,92,,"setor de santos, 49",SP
Ana Beatriz Moreira,637.***.***-66,63,,"parque thomas nogueira, 74",AM
Antônio Da Rocha,943.***.***-23,26,,"viela de mendes, 45",AM
Dra. Vitória Viana,813.***.***-24,83,,"loteamento barbosa, 28",RO
Enzo Monteiro,534.***.***-04,43,,"trevo barros, 87",PR
Bernardo Santos,045.***.***-29,18,,"lagoa isabella viana, 20",PR
Guilherme Cunha,237.***.***-02,25,,"fazenda rezende, 619",PI
Raul Rodrigues,193.***.***-33,47,,praça souza,SC
Pietra Lima,591.***.***-39,31,,"praça almeida, 81",MT
Camila Barbosa,560.***.***-59,37,,"vila martins, 7",PA
Kaique Almeida,078.***.***-02,68,,"passarela de pires, 6",MS
Antônio Porto,015.***.***-60,87,,"aeroporto lavínia porto, 29",RR
Alana Rezende,216.***.***-60,70,,"parque de aragão, 76",ES
Vitor Almeida,134.***.***-00,42,,"vale ramos, 60",RR
Isabelly Da Mota,709.***.***-48,75,,loteamento nascimento,PA
Isis Oliveira,893.***.***-87,77,,"esplanada joão guilherme barbosa, 39",AL
Carolina Gomes,845.***.***-28,31,,parque nascimento,AL
Srta. Natália Rodrigues,548.***.***-88,76,,"largo alves, 654",MS
Fernando Ramos,032.***.***-38,51,,"trevo de azevedo, 36",PR
Gabriela Da Cruz,109.***.***-77,26,,"área de barros, 4",CE
Noah Cavalcanti,273.***.***-60,83,,"setor arthur barros, 58",MT
Clara Moreira,079.***.***-05,50,,"largo gomes, 85",PB
Laura Araújo,134.***.***-25,54,,"praia agatha cardoso, 1",PI
Dr. Luiz Otávio Sales,472.***.***-60,77,,"via novaes, 81",MT
Emilly Da Mata,839.***.***-83,88,,"pátio castro, 51",ES
Kevin Rodrigues,086.***.***-50,53,,"campo lima, 42",PE
Davi Pereira,209.***.***-89,60,,"esplanada rafael viana, 38",MG
Thomas Silva,891.***.***-89,20,,"travessa beatriz fogaça, 47",RN
Ana Lívia Da Cruz,135.***.***-84,85,,"praça correia, 3",RJ
Sr. Vicente Silveira,318.***.***-57,59,,"viela maria cecília viana, 44",PA
Sophie Caldeira,403.***.***-17,36,,"vila nina moura, 41",PA
Gabriel Costa,930.***.***-34,59,,"núcleo carvalho, 87",PI
Ana Carolina Costa,680.***.***-80,50,,"rodovia de da luz, 710",RO
Maitê Fogaça,543.***.***-57,26,,residencial beatriz lopes,RN
Bruna Caldeira,259.***.***-03,67,,"aeroporto de ferreira, 9",AC
Caroline Moura,593.***.***-25,30,,"chácara da luz, 27",SP
Sra. Ana Júlia Pires,561.***.***-06,46,,núcleo cardoso,TO
Dra. Larissa Fernandes,503.***.***-51,43,,"residencial de ribeiro, 11",GO
Rodrigo Da Luz,416.***.***-61,32,,"aeroporto de campos, 63",PB
Carlos Eduardo Barros,730.***.***-70,31,,loteamento de rodrigues,GO
Ana Laura Silva,047.***.***-66,51,,"vale pinto, 70",PI
Maitê Nogueira,517.***.***-06,66,,"vale costela, 5",SP
Ana Laura Da Luz,681.***.***-90,80,,"jardim de barros, 111",TO
Sra. Brenda Viana,154.***.***-01,75,,"pátio da rocha, 793",ES
Augusto Teixeira,360.***.***-47,93,,"setor samuel porto, 99",AM
Dr. Francisco Lima,318.***.***-70,65,,"via diego lima, 60",AP
Isaac Da Luz,293.***.***-83,74,,"área joão lucas lima, 997",RO
Calebe Jesus,068.***.***-00,46,,"praia vitor gabriel cunha, 89",SC
Kevin Melo,786.***.***-22,57,,viaduto juliana nogueira,BA
Pedro Miguel Peixoto,079.***.***-68,49,,"passarela moura, 85",DF
Gabrielly Almeida,498.***.***-00,29,,"condomínio de sales, 62",PB
Murilo Correia,197.***.***-93,33,,"estação de ribeiro, 893",SP
Matheus Dias,156.***.***-53,82,,endereço inválido,DESCONHECIDO
Stella Cardoso,798.***.***-39,55,,"estrada ana ramos, 10",GO
Marcela Barbosa,509.***.***-66,61,,"estação de azevedo, 639",MS
Ana Carolina Pires,612.***.***-06,87,,"viaduto eduarda pinto, 76",RS
Helena Aragão,791.***.***-23,84,,morro lavínia almeida,AP
João Gabriel Oliveira,496.***.***-09,96,,"travessa oliveira, 28",MA
Maria Cecília Vieira,491.***.***-64,87,,"conjunto de souza, 842",TO
Lorena Rodrigues,461.***.***-90,45,,"quadra de fogaça, 57",PE
Nicolas Cunha,873.***.***-53,70,,"estrada de carvalho, 52",GO
Vitor Hugo Ramos,485.***.***-06,29,,"travessa melo, 5",ES
Luigi Aragão,704.***.***-74,40,,"largo de rodrigues, 19",DF
Maria Julia Barros,123.***.***-77,49,,área nogueira,PE
Luiz Gustavo Silveira,178.***.***-03,93,,estação mendes,PR
Ana Júlia Fernandes,795.***.***-76,96,,"passarela de carvalho, 69",SE
Luiz Miguel Novaes,754.***.***-28,26,,"morro de nascimento, 17",MG
Gabriel Santos,142.***.***-30,21,,"largo viana, 3",PE
Srta. Sophie Vieira,624.***.***-17,71,,"loteamento de viana, 65",PI
Júlia Cardoso,482.***.***-02,88,,"feira gustavo nascimento, 911",RS
Dra. Gabriela Jesus,846.***.***-40,49,,vereda cunha,ES
Dr. João Gabriel Correia,038.***.***-08,48,,"aeroporto augusto das neves, 847",TO
Luiz Gustavo Jesus,625.***.***-02,98,,"feira fogaça, 914",PI
Rodrigo Ferreira,527.***.***-49,55,,"estação moraes, 13",MG
Alícia Ribeiro,514.***.***-94,91,,"feira maria julia costela, 21",MG
Sr. André Da Mata,169.***.***-15,66,,"loteamento de lima, 16",SE
Srta. Maria Julia Campos,245.***.***-55,64,,"rodovia pires, 57",SP
João Gabriel Ferreira,018.***.***-03,94,,pátio carvalho,AP
Thomas Moraes,291.***.***-05,60,,"parque melo, 462",GO
Clara Melo,860.***.***-57,62,,"alameda vitor gabriel lopes, 52",MS
Luigi Cavalcanti,078.***.***-50,33,,"campo de campos, 83",RN
Dra. Stella Da Costa,340.***.***-51,53,,"passarela oliveira, 48",RO
Isabella Da Paz,289.***.***-65,80,,"via letícia nunes, 280",AL
Enzo Da Rocha,874.***.***-13,43,,"travessa ribeiro, 92",GO
Olivia Fernandes,016.***.***-48,50,,"conjunto eduardo da paz, 2",AP
André Da Mata,648.***.***-08,37,,"feira clara lima, 5",MA
Pedro Henrique Cavalcanti,938.***.***-86,78,,"núcleo de rocha, 9",SP
Joaquim Silveira,671.***.***-12,20,,"vila de freitas, 80",AC
Mirella Rodrigues,216.***.***-94,46,,"fazenda de lima, 95",RJ
Sra. Isabelly Azevedo,087.***.***-76,74,,"ladeira caldeira, 5",AC
Dr. Samuel Ferreira,720.***.***-87,35,,"travessa ana lívia da mata, 63",ES
Otávio Carvalho,643.***.***-90,87,,"residencial costa, 9",SE
Dra. Stephany Da Mota,154.***.***-51,25,,"colônia monteiro, 49",MT
Cauê Mendes,152.***.***-44,30,,"lagoa das neves, 36",BA
Alexandre Nunes,496.***.***-33,52,,"esplanada souza, 437",MG
Maria Fernanda Aragão,372.***.***-53,67,,"favela de carvalho, 28",RS
João Guilherme Silva,820.***.***-30,73,,"praça caroline almeida, 19",DF
Lorena Rezende,753.***.***-95,73,,"lagoa de fogaça, 92",MG
Maria Sophia Da Cruz,690.***.***-34,68,,"vale ana julia porto, 19",MG
Milena Das Neves,685.***.***-89,94,,"residencial de cunha, 20",PB
Kamilly Da Cunha,520.***.***-80,66,,"travessa lucca carvalho, 38",RO
Luiz Miguel Aragão,937.***.***-12,54,,aeroporto ana clara oliveira,AM
Ana Laura Ribeiro,754.***.***-47,37,,"praia de da mata, 18",RJ
Lorena Da Mota,162.***.***-90,56,,"favela de azevedo, 62",MA
Emanuella Souza,617.***.***-07,78,,"loteamento ferreira, 493",PI
Cecília Pinto,498.***.***-30,24,,"campo vinicius campos, 2",MG
Pedro Henrique Cunha,584.***.***-00,45,,"condomínio bruna mendes, 55",CE
Sra. Eloah Da Mota,901.***.***-03,32,,"loteamento freitas, 30",SP
Samuel Da Rocha,159.***.***-97,22,,"trecho de freitas, 8",TO
Melissa Almeida,705.***.***-92,64,,"alameda de da rosa, 2",PE
Carlos Eduardo Da Mota,894.***.***-20,98,,"largo juliana barbosa, 182",RN
Dr. Vitor Da Mota,789.***.***-28,48,,viela de da paz,PE
Dr. Diogo Costela,962.***.***-73,36,,"passarela joão lucas nogueira, 753",PE
Rafaela Rodrigues,578.***.***-60,80,,"campo vinicius silva, 27",AC
Vitor Hugo Da Conceição,716.***.***-55,25,,"viaduto de castro, 65",RR
Ana Laura Caldeira,518.***.***-73,51,,"estrada de rocha, 305",PE
Dra. Laura Silveira,472.***.***-49,95,,"pátio lopes, 1",AM
Sr. Rafael Pereira,492.***.***-79,86,,"recanto gustavo pereira, 77",PE
Manuela Mendes,518.***.***-60,32,,"largo kevin barbosa, 2",MG
Igor Lopes,073.***.***-22,29,,recanto azevedo,CE
Marcelo Moreira,346.***.***-87,49,,"trecho igor barros, 77",ES
Thomas Costela,428.***.***-22,94,,alameda de pinto,RS
Luiz Otávio Gonçalves,637.***.***-90,63,,"trevo rezende, 51",MG
Stella Da Costa,063.***.***-07,54,,"estação de freitas, 32",RR
Luana Da Cruz,083.***.***-86,29,,distrito rocha,CE
Maria Cecília Lima,132.***.***-89,28,,"recanto silveira, 47",ES
Melissa Teixeira,642.***.***-78,71,,"residencial de pires, 28",RS
Dr. Vinicius Pires,163.***.***-10,38,,"distrito de lopes, 397",MS
Luiz Miguel Farias,962.***.***-00,88,,"feira cardoso, 21",RN
Breno Correia,148.***.***-67,40,,"conjunto daniel fernandes, 403",GO
Laís Costela,306.***.***-53,58,,"parque maitê santos, 42",RS
Dr. Diego Da Mata,293.***.***-41,20,,"quadra de da mota, 62",MG
Letícia Da Mota,852.***.***-02,30,,"viaduto jesus, 11",DF
Luna Ferreira,843.***.***-14,54,,"alameda anthony fogaça, 11",RS
Dr. Emanuel Silveira,430.***.***-80,29,,"quadra de fogaça, 28",PI
Lorena Sales,263.***.***-15,44,,fazenda caldeira,AM
Davi Da Mata,846.***.***-39,55,,vila alves,DF
Isabel Melo,748.***.***-09,75,,"feira enrico nogueira, 1",PB
Raul Oliveira,298.***.***-64,93,,"rua pedro miguel da luz, 95",PA
Levi Da Mata,192.***.***-32,61,,vila de da mata,CE
Heloísa Castro,587.***.***-44,62,,"sítio de cardoso, 88",RS
Sra. Júlia Da Paz,046.***.***-74,37,,"jardim maria sophia ferreira, 95",CE
Luana Viana,213.***.***-21,26,,"praça de castro, 980",SE
Sr. Renan Sales,364.***.***-83,22,,"praça olivia silveira, 49",AC
Caio Aragão,714.***.***-62,22,,"área de barros, 86",RN
Srta. Lavínia Ribeiro,263.***.***-51,75,,"alameda gustavo henrique gonçalves, 50",RJ
Sofia Da Mata,806.***.***-84,21,,"jardim de lopes, 7",AM
André Araújo,819.***.***-13,43,,"alameda de da mota, 94",CE
Nathan Azevedo,285.***.***-82,85,,"lagoa milena ramos, 4",AM
Camila Teixeira,982.***.***-40,46,,"setor da cunha, 39",RJ
Srta. Clara Souza,510.***.***-71,25,,"área peixoto, 32",SE
Yuri Nascimento,129.***.***-73,57,,"vereda matheus azevedo, 2",AC
Srta. Marcela Gonçalves,148.***.***-87,84,,"praia raul campos, 12",CE
João Ramos,936.***.***-87,50,,"jardim enzo da paz, 47",PR
Renan Rocha,720.***.***-92,42,,"vale oliveira, 22",RS
Sr. Caio Souza,453.***.***-33,51,,"conjunto maria vitória da cunha, 59",MG
Clarice Farias,743.***.***-22,55,,"alameda maria fernanda castro, 87",PI
Marcos Vinicius Jesus,597.***.***-00,72,,"praça de moraes, 588",PA
João Pedro Nunes,910.***.***-42,34,,"jardim de ramos, 69",PA
Levi Farias,659.***.***-52,46,,"quadra mendes, 42",GO
Dr. Enzo Da Costa,791.***.***-75,40,,"campo marcela silveira, 66",AM
Heloísa Alves,029.***.***-79,86,,"fazenda de moraes, 637",PR
Luiz Henrique Da Mota,842.***.***-91,20,,"recanto alves, 105",RR
Camila Caldeira,903.***.***-03,54,,"lago jesus, 71",MA
Arthur Mendes,918.***.***-05,50,,esplanada cauã teixeira,SP
João Felipe Campos,362.***.***-06,54,,"praia heitor castro, 6",MS
Guilherme Azevedo,174.***.***-16,61,,"viela benjamin campos, 1",CE
Dra. Laura Cunha,364.***.***-50,46,,"núcleo castro, 7",BA
Noah Moraes,108.***.***-12,55,,"estrada lucas gabriel caldeira, 856",MG
Davi Lucca Lopes,260.***.***-90,33,,"trecho freitas, 427",AP
Sophia Da Cruz,621.***.***-15,39,,via ribeiro,PR
Igor Da Luz,740.***.***-85,46,,"lago silva, 75",AC
Dr. Samuel Nascimento,692.***.***-73,86,,"travessa duarte, 59",RO
Maria Fernanda Freitas,968.***.***-28,66,,favela sarah porto,DF
Eduarda Costa,206.***.***-68,28,,"morro enzo gabriel teixeira, 84",RS
Lorenzo Monteiro,069.***.***-20,43,,"área da mota, 13",AP
Caroline Cardoso,618.***.***-17,51,,"viaduto de moreira, 1",DF
Henrique Da Rocha,329.***.***-99,21,,"núcleo luiz gustavo costela, 99",SE
Lucas Gabriel Oliveira,743.***.***-38,52,,via araújo,SE
Sr. Arthur Jesus,418.***.***-93,96,,lago de cardoso,MG
Marcos Vinicius Da Cunha,572.***.***-43,48,,viaduto de cardoso,PA
Antônio Nogueira,061.***.***-71,19,,"quadra de da mata, 49",MT
Sophia Monteiro,601.***.***-15,90,,"núcleo araújo, 155",PA
Dr. Leandro Silva,497.***.***-85,56,,"estação silva, 18",AM
Amanda Farias,185.***.***-08,99,,"praia lavínia moraes, 29",RJ
Srta. Luna Peixoto,912.***.***-23,53,,"fazenda rafaela costela, 37",CE
Sr. Igor Campos,183.***.***-62,54,,"fazenda ferreira, 849",AP
Maria Sophia Correia,948.***.***-75,99,,"residencial alana dias, 51",TO
Bruno Da Cruz,293.***.***-73,23,,"rua evelyn da cunha, 2",ES
Amanda Cavalcanti,351.***.***-00,55,,"fazenda de duarte, 99",AC
Bruno Melo,721.***.***-52,58,,"trevo de da costa, 7",AC
Dra. Elisa Nunes,875.***.***-05,35,,"vale erick moreira, 48",AP
Calebe Ramos,942.***.***-40,59,,"parque de moraes, 36",TO
Sr. Arthur Moraes,306.***.***-87,81,,"passarela lima, 87",RJ
Júlia Silveira,913.***.***-57,73,,pátio vitor gabriel rocha,SC
Sra. Isabelly Silva,732.***.***-00,34,,"rodovia agatha lopes, 7",DF
Dr. Otávio Azevedo,457.***.***-30,79,,"aeroporto de ferreira, 2",CE
Maria Cecília Aragão,264.***.***-49,99,,"trevo aragão, 535",GO
Noah Da Rosa,742.***.***-22,59,,"avenida ferreira, 7",DF
Sra. Laura Azevedo,540.***.***-71,37,,viaduto marcelo ramos,SP
Dr. Francisco Moreira,702.***.***-08,24,,"núcleo silva, 7",CE
Mariane Das Neves,912.***.***-05,44,,"rodovia de freitas, 782",SC
Enzo Monteiro,309.***.***-56,33,,"quadra silveira, 76",MG
Diego Da Rocha,093.***.***-83,36,,"conjunto da rosa, 22",MS
Ana Laura Da Cruz,798.***.***-49,86,,parque rodrigues,RO
Ana Sophia Gomes,384.***.***-46,44,,"lagoa porto, 44",GO
Ana Laura Costa,502.***.***-85,52,,"vila sales, 913",SP
Felipe Souza,187.***.***-84,55,,"setor peixoto, 47",SE
Luana Novaes,287.***.***-87,78,,"parque luiz gustavo da conceição, 34",RS
Sra. Yasmin Nogueira,360.***.***-15,48,,"lago de rocha, 482",PE
Benício Melo,904.***.***-67,21,,recanto maitê pereira,DF
Daniela Aragão,726.***.***-53,58,,"feira otávio pereira, 93",RR
Davi Luiz Sales,740.***.***-13,44,,"trecho joão gabriel pires, 64",RS
Milena Souza,904.***.***-70,85,,"praça de ribeiro, 9",SP
Maria Eduarda Ferreira,438.***.***-60,74,,passarela de caldeira,AP
Sr. Diogo Lima,302.***.***-00,29,,estrada danilo monteiro,BA
Dr. Carlos Eduardo Araújo,496.***.***-47,39,,"rodovia sophia rodrigues, 88",RR
Marina Gomes,934.***.***-00,98,,lagoa souza,ES
Gustavo Henrique Duarte,254.***.***-60,23,,"área ana sophia pereira, 32",TO
Caio Ramos,832.***.***-73,27,,"viaduto de sales, 92",AL
Rafael Nunes,462.***.***-19,88,,"núcleo monteiro, 504",TO
Enzo Gabriel Cardoso,726.***.***-67,37,,núcleo ribeiro,PE
Davi Cardoso,065.***.***-90,18,,"praça ana júlia rezende, 38",PA
Daniel Pires,274.***.***-47,39,,"avenida bruna rodrigues, 724",ES
Brenda Da Mata,532.***.***-19,44,,"pátio rocha, 75",AC
Samuel Dias,852.***.***-24,38,,"viaduto enzo gabriel moreira, 72",CE
Gustavo Henrique Da Costa,917.***.***-50,19,,"residencial ribeiro, 60",RO
Theo Fogaça,091.***.***-05,48,,"travessa cardoso, 95",MT
Sra. Alexia Carvalho,483.***.***-71,24,,quadra lorenzo pires,AC
Juliana Martins,432.***.***-56,85,,campo de souza,RR
Luiz Gustavo Da Rosa,280.***.***-97,85,,"via de da paz, 5",AL
Gabriela Freitas,367.***.***-26,30,,"trevo carvalho, 9",BA
Enzo Gabriel Vieira,812.***.***-76,22,,travessa novaes,TO
Srta. Luna Nascimento,815.***.***-60,69,,"passarela de nascimento, 916",AL
Sophie Da Mata,971.***.***-97,70,,"avenida de almeida, 78",AL
Clarice Alves,973.***.***-65,23,,avenida heloísa costa,AC
Catarina Rodrigues,138.***.***-84,84,,"núcleo farias, 97",RR
Antônio Vieira,017.***.***-53,89,,"favela de lopes, 473",PR
Dr. Nicolas Da Conceição,105.***.***-80,26,,"quadra mariana costela, 87",BA
Maria Alice Da Costa,290.***.***-92,88,,"rua cardoso, 76",MA
Sr. Lucca Martins,906.***.***-70,56,,"pátio paulo da rosa, 93",TO
Maitê Gonçalves,034.***.***-20,97,,"distrito giovanna rodrigues, 37",PR
Ana Laura Ferreira,326.***.***-74,72,,estrada de ramos,RO
Sabrina Da Mata,172.***.***-02,30,,"viela de moraes, 56",MS
Alexandre Das Neves,183.***.***-24,93,,"área de novaes, 52",ES
Isadora Da Cunha,471.***.***-31,54,,"viaduto freitas, 622",PE
Dr. Luigi Fernandes,834.***.***-55,72,,"distrito thomas pires, 77",MT
Sr. Yago Cavalcanti,758.***.***-05,93,,estrada melo,AM
Carolina Peixoto,396.***.***-96,63,,"loteamento dias, 21",RN
Ana Lívia Porto,067.***.***-44,74,,"colônia vieira, 6",SE
Henrique Da Mata,896.***.***-74,33,,"aeroporto vinicius rezende, 18",PR
Enrico Aragão,490.***.***-75,93,,"praça almeida, 95",AP
Milena Cavalcanti,523.***.***-70,25,,"trecho kevin castro, 70",PR
Davi Lucca Melo,731.***.***-14,96,,"passarela kamilly moreira, 704",SP
Clarice Fernandes,192.***.***-73,87,,"vereda jesus, 7",SP
Dr. Luiz Fernando Das Neves,146.***.***-37,58,,"viaduto de martins, 24",RO
Caio Azevedo,428.***.***-82,73,,"largo cardoso, 23",AL
Enrico Novaes,457.***.***-38,73,,"vila heloísa barbosa, 666",RN
Ana Clara Moreira,075.***.***-53,87,,residencial de aragão,SC
Enrico Ribeiro,965.***.***-66,26,,"loteamento lopes, 2",CE
Evelyn Aragão,548.***.***-07,85,,"estrada rebeca caldeira, 440",GO
Thales Moreira,406.***.***-07,63,,quadra farias,RO
Heitor Mendes,097.***.***-61,56,,lagoa de farias,AL
Sarah Nascimento,938.***.***-10,40,,"largo de da costa, 400",CE
Sra. Yasmin Melo,510.***.***-49,18,,"loteamento almeida, 821",TO
Sr. Marcelo Costela,895.***.***-38,23,,"chácara clarice da costa, 135",BA
Maria Cecília Araújo,752.***.***-52,76,,"distrito nathan melo, 3",PA
Enzo Gabriel Ribeiro,965.***.***-02,63,,"recanto nunes, 87",AP
Miguel Da Rosa,168.***.***-03,43,,"esplanada carvalho, 8",CE
Maria Vitória Ferreira,914.***.***-69,23,,"lago lima, 6",SP
Sr. Vitor Gabriel Gomes,348.***.***-60,48,,"vale costela, 49",MT
Bianca Pinto,541.***.***-06,80,,"lagoa sales, 43",AL
Igor Melo,519.***.***-39,97,,viaduto nogueira,RO
Sra. Vitória Carvalho,528.***.***-38,35,,"jardim fernanda moura, 767",AM
Sofia Duarte,412.***.***-28,18,,"morro isaac freitas, 543",RR
Brenda Nogueira,160.***.***-33,56,,"pátio de almeida, 4",TO
Rafael Fogaça,569.***.***-68,93,,"setor de da rosa, 401",SP
Ana Nascimento,295.***.***-61,72,,"chácara de martins, 14",RN
Dr. Juan Da Rocha,475.***.***-80,75,,"ladeira de da mota, 16",MT
Ana Laura Rocha,531.***.***-70,32,,"sítio thomas rodrigues, 41",AL
Maria Alice Da Rocha,906.***.***-22,90,,"travessa de correia, 46",AC
Elisa Lopes,790.***.***-30,100,,passarela alexandre da cunha,RR
Davi Lucca Pereira,597.***.***-60,70,,"jardim de barros, 16",CE
Marina Fogaça,410.***.***-20,61,,"praça luiz henrique correia, 81",PE
Bernardo Ramos,105.***.***-98,81,,"lagoa luiza gonçalves, 979",SE
Ana Lívia Lopes,971.***.***-02,63,,"parque de barbosa, 57",GO
Miguel Silva,920.***.***-00,40,,"ladeira das neves, 9",PE
Sr. Arthur Da Cruz,693.***.***-38,83,,lago de cavalcanti,TO
Julia Da Mota,571.***.***-20,75,,"feira nogueira, 68",TO
Agatha Rocha,853.***.***-30,53,,setor de dias,RS
Isabel Cardoso,608.***.***-40,95,,"campo da mata, 42",MG
Marcos Vinicius Moura,451.***.***-19,64,,"parque dias, 687",PR
Levi Da Cunha,718.***.***-75,98,,"colônia de viana, 6",SE
Cauã Vieira,427.***.***-61,76,,via da mata,RO
Dra. Isabelly Souza,725.***.***-30,33,,"campo de moura, 60",RN
Heitor Rezende,174.***.***-39,72,,"área duarte, 628",RR
Maria Vitória Jesus,493.***.***-70,47,,"sítio de moura, 13",RS
Emanuel Duarte,762.***.***-76,21,,"rua de fogaça, 71",AM
Ian Lima,163.***.***-66,86,,"rua de martins, 9",AC
Vitor Alves,687.***.***-22,27,,"esplanada ana laura oliveira, 667",DF
Rafael Ramos,946.***.***-84,69,,"esplanada almeida, 4",PR
Ryan Da Cunha,412.***.***-52,87,,morro de cardoso,GO
Maria Da Cunha,539.***.***-06,77,,residencial de duarte,PE
Srta. Milena Cardoso,832.***.***-40,66,,"praça almeida, 71",RJ
Bryan Ramos,043.***.***-89,30,,"praia costa, 35",GO
Luigi Santos,273.***.***-52,37,,"via luigi peixoto, 61",AP
Isabella Duarte,023.***.***-17,43,,"estrada diogo da mata, 91",PI
Sophie Azevedo,214.***.***-49,97,,"rua kaique freitas, 8",RR
Matheus Carvalho,592.***.***-09,60,,viela de almeida,RN
Júlia Da Cruz,714.***.***-39,94,,lagoa joão pedro alves,PB
Vitor Peixoto,489.***.***-06,76,,"trevo de cardoso, 40",RS
Amanda Castro,305.***.***-41,43,,"favela erick pereira, 672",AM
Lucas Lima,240.***.***-01,91,,"vale igor castro, 928",BA
Raquel Ramos,052.***.***-25,66,,"vereda de costa, 27",RN
Dra. Rebeca Nascimento,431.***.***-37,82,,"residencial nogueira, 954",PB
Theo Da Conceição,846.***.***-46,29,,"fazenda maria ribeiro, 81",SE
Thiago Da Cunha,631.***.***-24,90,,"viela de aragão, 291",RJ
Davi Lucas Moreira,169.***.***-02,59,,"estrada de da costa, 92",PA
Helena Costela,950.***.***-68,28,,"colônia de fogaça, 78",AC
Beatriz Peixoto,243.***.***-96,80,,"campo de moura, 904",PE
Luigi Fernandes,846.***.***-20,48,,"estação igor cunha, 21",PB
Gabrielly Almeida,831.***.***-14,66,,"estrada da conceição, 23",MS
Samuel Sales,439.***.***-55,75,,"morro de costela, 73",MG
Dr. Otávio Costa,095.***.***-59,36,,"chácara da conceição, 2",BA
Srta. Ana Beatriz Da Mata,429.***.***-67,91,,"feira de martins, 79",PA
João Rodrigues,594.***.***-76,25,,"colônia duarte, 56",PE
Nathan Farias,521.***.***-32,39,,"travessa joana gonçalves, 44",AL
Dr. Rafael Pereira,581.***.***-55,56,,"sítio isis campos, 81",AC
Júlia Pereira,871.***.***-12,29,,lagoa santos,MT
Dra. Laura Barbosa,031.***.***-04,67,,"ladeira de moura, 84",RR
Juliana Pinto,385.***.***-93,70,,"rodovia sales, 21",PI
Joana Monteiro,138.***.***-39,55,,"parque de costela, 668",TO
Dr. Yago Da Rocha,698.***.***-28,75,,"fazenda cavalcanti, 859",MT
Miguel Nogueira,869.***.***-22,56,,quadra de ferreira,PI
Isadora Da Rocha,725.***.***-70,95,,"via igor da mata, 81",ES
Clara Costela,380.***.***-50,81,,"trevo joão pedro araújo, 7",DF
Dr. Enzo Gabriel Rocha,473.***.***-61,62,,"condomínio da cunha, 4",PA
Maysa Monteiro,615.***.***-44,94,,"parque henrique teixeira, 32",RR
Maria Alice Da Rosa,710.***.***-66,29,,"vereda silveira, 8",RR
Maysa Lopes,196.***.***-76,60,,"avenida de araújo, 28",RS
Srta. Yasmin Jesus,586.***.***-44,91,,"fazenda letícia costela, 6",AM
Mariana Costela,372.***.***-00,38,,"campo peixoto, 75",SC
Clara Almeida,842.***.***-92,35,,"parque eloah costa, 91",RS
Sofia Aragão,687.***.***-08,35,,"rua de santos, 955",RS
Elisa Barros,546.***.***-20,27,,"estrada sales, 13",RN
Joana Silva,349.***.***-57,24,,chácara miguel fogaça,PE
Lorenzo Porto,812.***.***-13,63,,"avenida de araújo, 1",GO
Vitória Barbosa,583.***.***-77,47,,"vale de monteiro, 267",ES
Alícia Da Rosa,035.***.***-51,83,,"trecho luana barros, 338",MG
Lucas Monteiro,739.***.***-75,97,,"parque enzo almeida, 62",AC
Rodrigo Caldeira,816.***.***-37,47,,condomínio joana lima,MT
Luna Rezende,456.***.***-57,51,,"esplanada matheus da costa, 90",RN
Diogo Rezende,680.***.***-24,81,,"residencial novaes, 84",PI
Anthony Da Costa,805.***.***-21,65,,"praia ian da mota, 383",RO
Sra. Maria Julia Novaes,019.***.***-01,42,,"ladeira da cruz, 635",BA
João Pedro Peixoto,243.***.***-55,64,,"trecho cavalcanti, 3",PR
Alana Fernandes,198.***.***-09,47,,"estação rocha, 975",SC
Sra. Mirella Rezende,247.***.***-50,50,,"vale de cavalcanti, 98",ES
Gabrielly Moreira,608.***.***-62,52,,"lago caldeira, 363",AM
Sra. Sofia Souza,605.***.***-48,90,,"vila gomes, 366",PB
Mariane Melo,735.***.***-77,74,,"rodovia ana beatriz cardoso, 97",PR
Lorena Souza,048.***.***-49,36,,"vereda sales, 83",AL
Fernando Da Mata,280.***.***-08,27,,"ladeira clara da cruz, 37",PB
Laura Cardoso,821.***.***-17,29,,"setor de costa, 1",ES
Marina Da Cruz,724.***.***-26,51,,"avenida castro, 718",PE
Maria Rocha,163.***.***-03,40,,"recanto isabel da conceição, 6",RS
Dr. Davi Luiz Nunes,604.***.***-16,88,,"setor de barros, 58",SP
Vitor Gabriel Costela,175.***.***-43,56,,"praia pietra caldeira, 60",GO
Dr. Luigi Barbosa,641.***.***-39,99,,"quadra yasmin caldeira, 4",PE
Rodrigo Azevedo,687.***.***-75,22,,praia de nogueira,ES
Pedro Henrique Cardoso,324.***.***-04,50,,"rua de castro, 65",PA
Sr. João Cardoso,032.***.***-74,19,,"pátio antônio da mota, 79",PR
Maria Julia Nunes,381.***.***-35,76,,setor de ferreira,RN
Fernanda Duarte,453.***.***-15,23,,"vereda da rocha, 6",MA
Marcos Vinicius Oliveira,280.***.***-95,81,,"parque de azevedo, 8",AL
Leandro Aragão,124.***.***-32,99,,"campo gabriela rodrigues, 9",AC
Maria Alice Vieira,832.***.***-44,69,,"via nogueira, 82",SE
Ana Luiza Jesus,541.***.***-91,65,,endereço inválido,DESCONHECIDO
Guilherme Cardoso,197.***.***-21,72,,"trevo nicole da cruz, 7",RS
Luiz Felipe Azevedo,439.***.***-52,49,,"campo erick fernandes, 464",AC
Nathan Araújo,813.***.***-89,60,,quadra de martins,AM
Clara Ferreira,467.***.***-28,79,,"fazenda de ferreira, 76",MS
Felipe Da Mata,634.***.***-69,86,,"estrada gabrielly rocha, 634",PA
Enzo Gabriel Azevedo,789.***.***-48,67,,"estação cardoso, 175",SC
Maitê Barbosa,231.***.***-07,20,,"estrada duarte, 37",MS
Srta. Isis Da Cruz,073.***.***-78,89,,"praia moreira, 20",TO
Otávio Da Mata,835.***.***-29,51,,"largo de da cruz, 431",TO
Sophie Castro,165.***.***-09,40,,"trevo de moraes, 78",TO
Diogo Da Cunha,263.***.***-60,33,,"distrito kaique costa, 17",RJ
Benício Fernandes,389.***.***-77,30,,"condomínio da cunha, 964",ES
João Pedro Silva,523.***.***-06,45,,"praia de almeida, 38",MG
Heloísa Cunha,260.***.***-83,20,,"aeroporto santos, 94",PI
Bruno Novaes,190.***.***-93,72,,"alameda de da mata, 18",MS
Levi Cavalcanti,291.***.***-55,80,,"aeroporto aragão, 8",DF
João Pedro Lopes,407.***.***-96,53,,"vereda daniel gonçalves, 6",PB
Heloísa Da Luz,569.***.***-57,61,,"conjunto de cunha, 63",SP
Lorena Gomes,298.***.***-65,20,,"rodovia de cavalcanti, 47",AP
Milena Vieira,623.***.***-51,97,,"loteamento thiago fernandes, 51",PB
Milena Ramos,160.***.***-34,46,,praça breno ribeiro,PB
Vitor Hugo Ramos,286.***.***-78,73,,"viela alice nogueira, 65",MA
Ana Julia Nascimento,197.***.***-31,64,,aeroporto cavalcanti,SE
Dr. Enrico Carvalho,254.***.***-00,54,,travessa de santos,MT
Vitor Hugo Cunha,701.***.***-39,91,,"passarela isis porto, 38",PA
Dr. Samuel Moura,402.***.***-05,22,,"parque daniel pinto, 7",MT
Luana Nascimento,314.***.***-50,30,,"vila letícia da paz, 17",CE
Dra. Maria Vitória Viana,250.***.***-00,98,,colônia de moura,PR
Sr. Calebe Duarte,936.***.***-04,60,,"alameda joão pedro castro, 14",AM
Leonardo Costela,624.***.***-29,31,,via de jesus,MG
Benício Moreira,136.***.***-24,44,,"feira marcos vinicius da cruz, 317",MA
Lucca Mendes,819.***.***-76,83,,"via de ferreira, 44",MG
Sophie Farias,741.***.***-00,87,,"aeroporto de ribeiro, 65",AM
Bruna Da Rocha,845.***.***-19,62,,"loteamento otávio freitas, 74",TO
Heitor Nascimento,493.***.***-84,81,,área maria fernanda pinto,MT
Rafael Porto,629.***.***-30,27,,"alameda da mata, 64",MG
Luiz Miguel Da Paz,647.***.***-80,30,,"estrada de ribeiro, 73",MG
Srta. Pietra Duarte,913.***.***-04,96,,"aeroporto de nascimento, 13",PR
Eloah Cunha,908.***.***-60,22,,"chácara de costa, 62",PI
Bruna Rodrigues,625.***.***-67,21,,"campo da costa, 719",GO
Felipe Monteiro,172.***.***-68,97,,"quadra de monteiro, 43",CE
Isis Campos,178.***.***-41,38,,estrada pereira,PE
Vitor Novaes,586.***.***-08,77,,"lagoa de da rocha, 60",PI
Yago Porto,907.***.***-01,42,,"parque alícia cavalcanti, 234",CE
Guilherme Campos,354.***.***-79,55,,"largo de duarte, 24",BA
Vitor Moraes,297.***.***-99,26,,"campo enrico lima, 20",TO
João Gabriel Jesus,790.***.***-01,98,,"favela martins, 7",ES
Dr. Vitor Hugo Rezende,796.***.***-58,28,,"ladeira barros, 84",AP
Dr. Arthur Carvalho,081.***.***-97,38,,"jardim silveira, 35",RR
Ryan Mendes,239.***.***-55,45,,"viaduto evelyn ribeiro, 56",MG
Ana Laura Silva,485.***.***-47,77,,"campo de farias, 77",AM
Lorenzo Novaes,370.***.***-05,44,,"loteamento alice freitas, 3",AL
Cauê Cardoso,019.***.***-60,18,,"trecho alícia monteiro, 61",AL
Dra. Ana Luiza Silveira,324.***.***-40,82,,"alameda pinto, 59",MT
Lavínia Azevedo,318.***.***-03,75,,"condomínio larissa teixeira, 216",BA
Bruna Ribeiro,352.***.***-10,71,,trevo beatriz cardoso,AP
Theo Da Mata,758.***.***-44,66,,"feira souza, 65",AL
João Gabriel Porto,956.***.***-91,51,,"fazenda luiza campos, 62",GO
Maria Julia Freitas,178.***.***-53,73,,"loteamento de gomes, 86",RS
Dr. Otávio Barros,683.***.***-21,26,,"condomínio marina costela, 29",RR
Yasmin Gomes,827.***.***-35,99,,"feira letícia nascimento, 5",MA
Sofia Novaes,576.***.***-83,44,,"aeroporto de ribeiro, 57",MT
Ian Da Luz,152.***.***-77,35,,"feira moura, 2",PB
Davi Luiz Souza,857.***.***-53,77,,"favela peixoto, 76",PE
Cecília Araújo,032.***.***-26,20,,"distrito rezende, 61",MT
Luiz Gustavo Duarte,381.***.***-44,60,,"favela caldeira, 98",DF
Ana Julia Cardoso,704.***.***-88,27,,"chácara campos, 423",MG
Gabrielly Lima,560.***.***-30,98,,"parque alves, 70",RN
Heloísa Ribeiro,437.***.***-37,63,,sítio luiz gustavo cunha,RJ
Letícia Costa,530.***.***-70,43,,"viela yago oliveira, 70",RN
Ana Beatriz Da Rocha,438.***.***-04,79,,"alameda joão fernandes, 25",GO
Benjamin Moura,975.***.***-97,21,,"trevo de rezende, 83",AL
Ana Julia Fogaça,103.***.***-70,37,,"área de gonçalves, 31",RR
Clara Da Mata,354.***.***-00,40,,"aeroporto de gomes, 936",MT
Fernanda Oliveira,102.***.***-14,42,,"trevo correia, 72",RN
Laura Das Neves,723.***.***-29,25,,"viaduto vitor gabriel ferreira, 32",GO
Lívia Teixeira,694.***.***-29,39,,"alameda teixeira, 9",AL
Eloah Moreira,904.***.***-00,89,,"pátio de nunes, 3",CE
Lívia Cardoso,619.***.***-61,87,,campo de da paz,PE
Augusto Freitas,930.***.***-01,62,,"trevo marcos vinicius jesus, 4",AL
Raquel Fernandes,467.***.***-94,76,,"parque de teixeira, 132",AM
Sr. Anthony Da Costa,614.***.***-07,32,,"área lima, 7",PI
Murilo Melo,431.***.***-80,22,,"trecho pires, 10",MS
Srta. Mirella Barbosa,430.***.***-75,85,,pátio de da rosa,SE
Gabriela Das Neves,437.***.***-65,40,,avenida emilly pereira,AL
Bruno Da Cunha,259.***.***-24,29,,quadra costa,MA
Natália Rezende,784.***.***-11,61,,"sítio nascimento, 64",MG
Emilly Caldeira,732.***.***-07,23,,"estrada eduardo porto, 85",MA
Levi Azevedo,639.***.***-91,85,,"estação da cruz, 13",PI
Nicole Da Rocha,567.***.***-90,23,,"distrito clara viana, 41",CE
Joana Moreira,435.***.***-51,64,,"viela de das neves, 139",DF
Maria Eduarda Almeida,573.***.***-56,72,,"travessa de barros, 4",PB
Marcela Da Cruz,876.***.***-78,92,,"viela viana, 95",CE
Isaac Oliveira,209.***.***-01,50,,"rodovia cardoso, 377",MT
Manuela Pinto,094.***.***-20,39,,"praia almeida, 6",AM
Bryan Ramos,681.***.***-94,36,,"aeroporto de da rocha, 27",MS
Sr. Enzo Gabriel Fernandes,769.***.***-21,18,,"rodovia laís nunes, 50",RR
Brenda Ramos,269.***.***-83,97,,"rodovia de souza, 416",PI
Yuri Rezende,564.***.***-89,97,,"praia costa, 3",AC
Luiz Miguel Da Costa,630.***.***-34,74,,via porto,PR
Enzo Nogueira,187.***.***-69,63,,"campo cauã freitas, 66",PB
Davi Lucca Azevedo,035.***.***-10,67,,"condomínio cunha, 74",PA
Luiz Otávio Fernandes,716.***.***-85,69,,núcleo pietro barros,PE
Thomas Correia,083.***.***-66,77,,"aeroporto melo, 31",AC
Davi Lucca Teixeira,647.***.***-26,82,,"condomínio de lima, 66",GO
Luiz Gustavo Ribeiro,149.***.***-78,29,,"pátio davi lucca viana, 6",PA
Pietra Da Mata,427.***.***-08,66,,"feira gonçalves, 4",AP
Joaquim Azevedo,016.***.***-16,69,,núcleo viana,RN
Sra. Agatha Melo,506.***.***-60,26,,"feira de oliveira, 1",RN
Maria Julia Lopes,613.***.***-68,55,,"campo araújo, 10",GO
Dr. Marcelo Cardoso,862.***.***-07,78,,lagoa ana sophia oliveira,RN
Catarina Moreira,207.***.***-11,33,,"jardim sales, 42",RO
Heitor Vieira,089.***.***-92,74,,"morro aragão, 796",MT
Luiz Fernando Da Luz,071.***.***-01,73,,"aeroporto pietro oliveira, 4",RR
Sabrina Silva,216.***.***-69,84,,"rodovia pedro henrique santos, 46",AL
Luiz Henrique Martins,648.***.***-82,45,,"praia ferreira, 17",RJ
Catarina Carvalho,196.***.***-10,46,,"vila de farias, 46",AL
Ana Vitória Azevedo,529.***.***-01,76,,"campo yasmin moreira, 49",AP
Thales Campos,412.***.***-89,81,,"avenida lavínia castro, 46",SP
Thales Oliveira,369.***.***-50,82,,condomínio levi almeida,AM
Fernanda Cavalcanti,912.***.***-51,70,,"viela isis gomes, 43",AP
Dr. João Gabriel Da Conceição,831.***.***-00,46,,"jardim luiz felipe duarte, 1",RR
Noah Barros,310.***.***-86,32,,"jardim almeida, 48",MS
Dr. Felipe Novaes,685.***.***-59,51,,"pátio de ribeiro, 16",RJ
Luiz Fernando Aragão,120.***.***-01,19,,"ladeira mariane santos, 7",SE
Marina Ramos,068.***.***-10,60,,"ladeira duarte, 35",MT
Dra. Joana Lopes,619.***.***-11,57,,"viaduto de novaes, 952",SP
Isabel Duarte,146.***.***-87,57,,"aeroporto isaac da conceição, 1",MT
Paulo Jesus,078.***.***-92,53,,"fazenda de porto, 4",PR
Laura Costa,540.***.***-25,84,,"distrito de moraes, 56",AP
Sra. Milena Pinto,280.***.***-24,64,,"jardim novaes, 13",RO
Danilo Ribeiro,109.***.***-80,67,,"ladeira de da conceição, 76",TO
Lívia Nunes,742.***.***-23,49,,"passarela de porto, 65",PI
Alícia Rodrigues,349.***.***-16,51,,"travessa de farias, 9",RS
Agatha Rezende,057.***.***-79,94,,"parque da luz, 3",RR
Juliana Santos,605.***.***-59,93,,"parque de silveira, 6",MS
Maria Fernanda Da Conceição,408.***.***-50,62,,"campo santos, 714",RJ
Daniela Barbosa,861.***.***-64,35,,"área de moreira, 82",DF
Arthur Pinto,562.***.***-25,30,,viela kamilly cunha,SP
Emanuel Aragão,910.***.***-57,42,,"campo de da cruz, 22",SC
Dra. Alice Vieira,936.***.***-00,77,,rodovia cunha,MA
Maria Cecília Moreira,805.***.***-71,65,,"passarela joão pedro nunes, 6",DF
Maria Vitória Campos,380.***.***-57,55,,"viela da costa, 16",MA
Isabel Da Conceição,819.***.***-93,89,,"vale nogueira, 8",CE
,013.***.***-69,44,,"parque helena pires, 852",AL
Dr. Thomas Nunes,967.***.***-46,81,,"vereda da mota, 37",SE
Lucca Moura,718.***.***-35,37,,"praia bryan martins, 8",SE
Diogo Souza,169.***.***-95,65,,"largo maysa cavalcanti, 6",AP
Juliana Costa,980.***.***-39,53,,"alameda de campos, 32",AL
Eduarda Da Costa,739.***.***-48,88,,"jardim de lima, 1",MT
Alana Freitas,427.***.***-73,50,,aeroporto noah jesus,BA
Murilo Ramos,374.***.***-00,97,,"feira jesus, 20",DF
Cecília Souza,294.***.***-30,20,,"campo emanuelly gonçalves, 51",BA
Raul Martins,187.***.***-26,96,,"alameda de carvalho, 150",RR
Renan Cavalcanti,072.***.***-77,69,,"trevo nina pereira, 99",CE
Sr. Diego Pires,842.***.***-41,34,,"morro eduarda farias, 92",AC
Sofia Da Rocha,719.***.***-03,57,,"vale davi luiz dias, 709",CE
Lorenzo Dias,271.***.***-04,98,,"favela elisa barbosa, 521",SC
Sr. Vitor Souza,426.***.***-83,74,,"aeroporto laura gonçalves, 7",MG
Vitor Gabriel Cardoso,354.***.***-50,30,,"setor de da luz, 81",GO
Pedro Rodrigues,790.***.***-20,98,,"trevo de moreira, 63",PI
Eduarda Teixeira,745.***.***-17,76,,"ladeira peixoto, 85",MA
Daniel Oliveira,753.***.***-08,34,,colônia maitê cardoso,DF
Isadora Nogueira,129.***.***-05,29,,"praia de campos, 94",PR
Sr. Fernando Moraes,768.***.***-95,96,,"área moreira, 8",PA
Luiza Araújo,246.***.***-10,70,,jardim de dias,CE
Maria Luiza Pires,620.***.***-67,46,,"viela de gonçalves, 79",SC
João Lucas Das Neves,974.***.***-49,49,,"campo de nascimento, 5",SP
Vitor Gabriel Carvalho,387.***.***-92,86,,"viaduto farias, 15",PR
Henrique Sales,196.***.***-39,57,,"jardim cavalcanti, 94",BA
Henrique Ferreira,360.***.***-07,29,,"lago de lopes, 6",GO
Dra. Raquel Da Mota,263.***.***-78,33,,"aeroporto de fogaça, 29",TO
Levi Melo,513.***.***-09,36,,"travessa de da luz, 42",MS
Ana Luiza Gomes,287.***.***-12,32,,"estação de da costa, 211",PA
Isaac Fernandes,572.***.***-07,77,,"recanto rodrigues, 80",PI
Leandro Fernandes,018.***.***-15,65,,"praia daniel barbosa, 847",BA
Dr. Breno Sales,135.***.***-42,77,,estação miguel rodrigues,AL
Rafael Araújo,481.***.***-17,84,,"trevo sofia moreira, 67",CE
Eduardo Da Costa,043.***.***-31,73,,"quadra de alves, 729",PA
Dra. Larissa Fernandes,562.***.***-00,97,,"aeroporto jesus, 2",ES
Milena Da Rocha,864.***.***-49,80,,"alameda araújo, 53",MS
Eduarda Aragão,362.***.***-90,76,,"viela de sales, 68",TO
Sr. Ian Barbosa,149.***.***-70,66,,"morro ryan da luz, 43",PB
Ian Cardoso,731.***.***-78,83,,área ferreira,AP
Vitor Gabriel Ferreira,916.***.***-01,53,,"conjunto farias, 36",SE
Rodrigo Melo,982.***.***-89,44,,praia marina da rosa,AC
Anthony Rezende,831.***.***-66,93,,"via de viana, 68",SC
Sra. Bianca Farias,783.***.***-26,32,,"viela campos, 2",MG
João Carvalho,298.***.***-50,91,,"vereda de aragão, 15",RR
Benício Da Costa,783.***.***-07,29,,"vereda de souza, 13",PR
Yuri Alves,896.***.***-03,86,,"colônia da costa, 7",SE
Gabriela Da Rosa,210.***.***-31,76,,"vale de caldeira, 8",AL
Eduarda Da Conceição,238.***.***-00,99,,"praia de silva, 91",ES
Vicente Aragão,875.***.***-88,97,,avenida da luz,AL
Srta. Sabrina Teixeira,682.***.***-89,88,,"estrada de da rosa, 69",AP
Antônio Santos,198.***.***-03,85,,"morro da rocha, 84",MT
Dr. Lucca Pinto,526.***.***-09,21,,"estrada sabrina freitas, 40",DF
Emilly Vieira,924.***.***-33,72,,"recanto miguel moraes, 45",RS
Dr. Gabriel Da Mata,701.***.***-69,59,,"feira de farias, 28",RS
Emanuella Azevedo,406.***.***-01,69,,"sítio moura, 50",GO
Ana Julia Rocha,618.***.***-60,47,,"trevo davi lucca da cruz, 72",PI
Milena Castro,482.***.***-82,60,,"chácara da mota, 218",RJ
Lavínia Peixoto,204.***.***-50,72,,"feira martins, 78",RN
Enzo Gabriel Gomes,893.***.***-40,28,,"setor luiz henrique monteiro, 4",MG
Laura Fogaça,196.***.***-80,34,,"chácara de da mota, 4",PA
Sr. Vitor Da Mata,062.***.***-78,60,,endereço inválido,DESCONHECIDO
Sophie Pinto,023.***.***-40,29,,residencial noah mendes,SC
Sr. Kaique Peixoto,726.***.***-47,62,,"fazenda moraes, 80",ES
Luiz Henrique Mendes,248.***.***-76,90,,"travessa leandro da mata, 898",RO
Ana Beatriz Pereira,798.***.***-01,54,,condomínio de santos,MG
Sr. Rafael Silva,238.***.***-15,26,,"estação lara almeida, 67",PE
Dra. Olivia Mendes,189.***.***-05,90,,residencial de mendes,RR
Eduardo Sales,052.***.***-74,39,,"aeroporto emanuel barros, 4",DF
André Rodrigues,375.***.***-91,73,,"trecho gomes, 3",GO
Sophia Cavalcanti,092.***.***-56,91,,"alameda paulo da cruz, 70",PR
Carolina Sales,519.***.***-40,32,,"residencial pinto, 95",DF
Lucas Monteiro,654.***.***-37,76,,"lagoa de silveira, 91",PI
João Felipe Dias,850.***.***-42,52,,"condomínio moura, 504",SE
Dr. Ian Fogaça,248.***.***-32,93,,distrito de cavalcanti,RJ
Lorena Barros,785.***.***-10,83,,"favela letícia jesus, 34",MG
Sra. Ana Clara Teixeira,760.***.***-59,49,,"feira de da conceição, 796",SE
Natália Monteiro,481.***.***-60,81,,morro de ramos,AM
Eduarda Duarte,893.***.***-30,20,,"quadra lopes, 69",CE
Larissa Carvalho,632.***.***-37,91,,"jardim de carvalho, 5",AL
Lara Moraes,549.***.***-09,19,,"vereda araújo, 18",PI
Sophie Da Rosa,254.***.***-50,97,,"pátio fernandes, 59",AM
Olivia Martins,391.***.***-39,82,,"jardim vinicius caldeira, 28",DF
Thomas Barros,105.***.***-12,72,,"passarela de araújo, 123",AM
Davi Luiz Azevedo,478.***.***-31,59,,"rodovia eduarda ramos, 87",PB
Danilo Santos,297.***.***-55,97,,"viela ana júlia fernandes, 25",AC
Sr. Enzo Porto,496.***.***-67,98,,"vereda cauê barbosa, 141",MA
Bianca Alves,304.***.***-57,67,,"campo rodrigues, 351",MS
Alexia Das Neves,267.***.***-00,85,,"residencial de sales, 5",SE
Esther Campos,523.***.***-53,58,,"área de castro, 108",PI
Ana Júlia Freitas,584.***.***-17,58,,"estrada fernanda jesus, 2",AC
Maria Vitória Da Mata,826.***.***-76,57,,"lagoa pietro da cruz, 524",RO
Ryan Da Mata,172.***.***-80,20,,"rodovia de porto, 90",GO
Emilly Ribeiro,584.***.***-05,22,,"parque de gomes, 71",PA
Bernardo Pinto,217.***.***-12,94,,"esplanada de moura, 30",PA
Nicole Peixoto,829.***.***-89,68,,distrito moraes,MS
Isaac Da Conceição,867.***.***-85,75,,"lago da luz, 59",AM
Davi Lucca Santos,571.***.***-73,62,,"favela beatriz da costa, 77",RJ
Paulo Lopes,186.***.***-11,67,,"passarela davi lucca lopes, 37",MG
Sophie Vieira,938.***.***-83,36,,"vereda de da mota, 564",MA
Rodrigo Da Cruz,648.***.***-11,51,,"favela costa, 372",GO
Sr. Samuel Barbosa,903.***.***-23,30,,"distrito jesus, 34",RS
Dr. Cauê Ramos,109.***.***-34,70,,"viela de castro, 27",DF
Bruno Jesus,354.***.***-42,27,,"campo moreira, 48",RN
Lívia Correia,843.***.***-65,52,,"favela de da rocha, 6",MS
Enrico Da Rocha,241.***.***-05,26,,condomínio maria julia cavalcanti,PA
Rafaela Aragão,269.***.***-22,73,,chácara maria fernanda castro,PB
Larissa Lopes,015.***.***-12,78,,"largo cavalcanti, 96",SC
Isadora Carvalho,917.***.***-13,99,,"pátio de da paz, 57",SC
Sr. Vitor Da Rocha,234.***.***-51,77,,"recanto de novaes, 32",TO
Isadora Pereira,501.***.***-06,92,,"jardim stella da costa, 91",BA
Dr. Bernardo Da Cunha,147.***.***-79,50,,"residencial marina azevedo, 89",MT
Gabrielly Mendes,954.***.***-50,46,,"praça joão rezende, 30",RJ
Sr. Bruno Da Mata,473.***.***-99,94,,"chácara alice ferreira, 678",TO
Breno Rocha,237.***.***-52,60,,estação de rodrigues,PA
Luigi Ferreira,148.***.***-19,69,,trevo vieira,AP
Davi Lucca Da Cruz,862.***.***-78,71,,"sítio de novaes, 75",AL
Henrique Almeida,824.***.***-31,59,,"área da costa, 29",MS
Dr. Vitor Hugo Caldeira,943.***.***-42,36,,"feira da costa, 17",SE
Alexia Souza,348.***.***-48,70,,"lagoa alves, 97",MT
Luiza Azevedo,683.***.***-92,73,,"recanto elisa da mota, 8",AL
Dr. Kaique Da Mota,143.***.***-60,92,,"setor vinicius moraes, 475",TO
Laura Lima,051.***.***-41,82,,"área oliveira, 91",SP
Raul Rodrigues,039.***.***-05,55,,"aeroporto da rocha, 499",BA
Joaquim Melo,305.***.***-21,91,,"ladeira ribeiro, 6",PE
Benjamin Cardoso,054.***.***-44,80,,"trevo da cunha, 2",AL
João Miguel Lopes,741.***.***-26,33,,"via de nunes, 63",ES
Letícia Da Mota,587.***.***-02,24,,"travessa de lopes, 205",CE
Levi Da Rocha,840.***.***-92,40,,"via brenda cunha, 49",AC
Lorena Caldeira,625.***.***-60,53,,"praça ana luiza fernandes, 5",BA
Cauê Nogueira,473.***.***-64,96,,recanto melo,ES
Sra. Yasmin Ferreira,805.***.***-68,85,,"lago de da cunha, 6",RN
Nicole Almeida,529.***.***-79,90,,chácara joão gabriel nogueira,MG
Breno Pereira,916.***.***-91,28,,"residencial gabriela azevedo, 35",PI
Clara Dias,190.***.***-50,38,,"conjunto da conceição, 39",DF
Dra. Milena Vieira,237.***.***-87,69,,"campo camila das neves, 14",MG
Vitor Gabriel Porto,394.***.***-43,86,,"residencial luiza correia, 598",ES
Sr. Erick Da Rosa,971.***.***-84,25,,núcleo de caldeira,AL
Marcos Vinicius Da Cunha,709.***.***-04,32,,"lagoa de rodrigues, 23",RN
Sra. Nina Pires,651.***.***-26,44,,"viela eloah cunha, 42",RS
Felipe Ribeiro,259.***.***-60,77,,"núcleo maria julia cunha, 21",PE
Maria Julia Porto,864.***.***-07,35,,alameda nascimento,GO
Pedro Cardoso,125.***.***-50,35,,"travessa de da rosa, 86",PA
Enrico Gonçalves,637.***.***-46,84,,campo bernardo barros,MG
Murilo Campos,031.***.***-22,97,,recanto silva,SP
Olivia Porto,608.***.***-65,38,,"conjunto almeida, 3",AC
Mirella Da Conceição,854.***.***-05,39,,"pátio joão lucas cardoso, 77",AM
Stephany Cardoso,453.***.***-46,89,,"praia luiz gustavo da luz, 83",RO
Dr. Gabriel Souza,432.***.***-52,23,,"rodovia de costela, 116",CE
Davi Jesus,914.***.***-70,51,,"quadra vieira, 230",RO
Guilherme Freitas,517.***.***-07,43,,"trecho de caldeira, 369",SE
Theo Costa,705.***.***-49,81,,"largo joão santos, 10",RN
Dr. Gustavo Henrique Das Neves,430.***.***-00,98,,"setor juliana fogaça, 605",MA
Maria Luiza Gomes,821.***.***-53,80,,"área ana vitória martins, 56",BA
Davi Lucas Peixoto,610.***.***-07,36,,"área thomas moraes, 58",RJ
Bruna Almeida,610.***.***-57,72,,"chácara mendes, 64",PR
Juliana Ramos,846.***.***-05,20,,"vale de duarte, 5",AM
Sarah Nascimento,560.***.***-99,77,,"alameda das neves, 1",MT
Brenda Da Luz,037.***.***-22,74,,"viela danilo farias, 54",PE
Heloísa Da Costa,648.***.***-19,80,,"favela correia, 6",SE
Emanuella Araújo,758.***.***-82,64,,rodovia maria julia peixoto,AC
Vitor Viana,036.***.***-34,65,,"trecho de oliveira, 41",AC
Yago Lopes,720.***.***-59,75,,"lagoa danilo fogaça, 756",RO
Lívia Souza,308.***.***-50,35,,"colônia de correia, 93",CE
Gabriela Cavalcanti,359.***.***-41,56,,"setor oliveira, 4",MA
Enzo Nogueira,309.***.***-00,82,,morro de ferreira,MG
Dr. Ian Barbosa,412.***.***-03,90,,"alameda eduardo barros, 60",PI
Gabriela Rocha,348.***.***-35,34,,"área joaquim nogueira, 98",MA
Maria Julia Martins,576.***.***-12,81,,"loteamento de nunes, 83",PB
Dra. Marina Santos,950.***.***-02,57,,"viela alana souza, 456",DF
Heloísa Teixeira,635.***.***-07,87,,"viela de da cruz, 61",PA
Paulo Farias,593.***.***-15,72,,"esplanada thomas pires, 33",AP
Gabrielly Cardoso,127.***.***-43,95,,estrada da cruz,AP
Davi Aragão,598.***.***-20,35,,"residencial de cardoso, 66",SE
Yago Peixoto,380.***.***-05,95,,"condomínio de nunes, 436",PI
Erick Da Conceição,983.***.***-83,60,,"morro nunes, 657",CE
Isis Araújo,216.***.***-13,69,,"praia de campos, 82",SP
Dr. Nicolas Rezende,460.***.***-49,42,,"esplanada marcela castro, 36",PA
Sr. Samuel Nascimento,914.***.***-24,65,,setor luana ramos,AC
Sra. Maria Fernanda Barbosa,718.***.***-03,90,,"esplanada pedro nascimento, 71",GO
Luiz Felipe Farias,069.***.***-74,80,,"favela kaique fogaça, 19",AL
Sr. Calebe Silva,402.***.***-49,61,,rodovia de castro,ES
Emanuella Gonçalves,107.***.***-02,69,,endereço inválido,DESCONHECIDO
Augusto Oliveira,246.***.***-17,32,,"colônia costa, 81",RO
Pedro Azevedo,953.***.***-65,68,,"vale vieira, 49",RS
Sra. Maria Luiza Fogaça,650.***.***-06,67,,"recanto de moreira, 426",MT
Eduarda Oliveira,365.***.***-83,58,,"sítio clarice sales, 99",PB
Paulo Ramos,490.***.***-43,21,,sítio azevedo,DF
Beatriz Pires,275.***.***-21,34,,recanto de castro,MA
Fernando Azevedo,790.***.***-99,28,,"estação rafael nunes, 90",RO
Eloah Silva,037.***.***-61,89,,"viela da rocha, 160",BA
Caio Araújo,407.***.***-14,34,,"morro ribeiro, 11",GO
Sra. Valentina Sales,269.***.***-31,84,,"sítio ramos, 73",MG
Melissa Cunha,719.***.***-73,25,,"ladeira luiza pinto, 9",MT
Laís Da Paz,139.***.***-33,97,,"lagoa cavalcanti, 12",SP
Heitor Silveira,183.***.***-89,89,,avenida azevedo,MA
Fernanda Moraes,064.***.***-44,45,,"avenida rocha, 13",PI
Alana Souza,801.***.***-42,50,,"praia moreira, 1",SE
Srta. Caroline Da Rosa,192.***.***-98,51,,"passarela rocha, 96",SP
Stephany Vieira,682.***.***-22,46,,"travessa guilherme carvalho, 7",MS
Enzo Barros,794.***.***-16,67,,"estação fernandes, 85",GO
Caroline Peixoto,036.***.***-30,67,,"loteamento thales pires, 51",RR
Maria Vitória Novaes,804.***.***-58,39,,"via vieira, 26",GO
Bruna Moura,240.***.***-06,94,,"quadra amanda martins, 4",MG
Maitê Peixoto,501.***.***-58,61,,"distrito caldeira, 95",PI
Dr. Anthony Barbosa,749.***.***-20,20,,"distrito de fogaça, 13",AP
Alexandre Jesus,269.***.***-34,69,,"aeroporto de fogaça, 74",BA
Marcos Vinicius Campos,421.***.***-22,45,,"trecho de barbosa, 7",RJ
Rebeca Da Rosa,640.***.***-22,11,,trecho da mata,SC
Henrique Monteiro,378.***.***-73,6,,"largo theo silva, 91",SP
Luigi Da Rosa,316.***.***-87,5,,"pátio de rocha, 4",MG
Melissa Dias,170.***.***-05,10,,"quadra isabel castro, 40",PI
Igor Ramos,695.***.***-77,6,,"lago de caldeira, 4",AC
Alice Cardoso,123.***.***-09,4,,"viaduto araújo, 76",PR
Breno Freitas,205.***.***-41,16,,"loteamento de ferreira, 24",PA
Ana Lívia Da Paz,347.***.***-69,18,,"ladeira gomes, 10",RJ
Sr. Daniel Cavalcanti,609.***.***-33,6,,"núcleo de da paz, 894",GO
Sr. Pedro Cavalcanti,863.***.***-84,1,,recanto de melo,BA
Nome Inválido,930.***.***-38,38,,"colônia da rocha, 31",RN
Nome Inválido,146.***.***-00,93,,"estrada nogueira, 21",PB
Renan Da Luz,294.***.***-23,74,,rua não cadastrada,PR
Caroline Costa,401.***.***-88,21,,rua não cadastrada,RS
Giovanna Farias,241.***.***-35,40,,rua não cadastrada,RJ
Maitê Araújo,496.***.***-55,52,,rua não cadastrada,RS
Lavínia Da Mota,039.***.***-00,21,,rua não cadastrada,ES
Igor Cardoso,345.***.***-05,49,,rua não cadastrada,AM
Maria Julia Campos,018.***.***-13,98,,rua não cadastrada,MG
Marcos Vinicius Das Neves,617.***.***-02,86,,rua não cadastrada,RO
Isabel Barbosa,986.***.***-02,26,,rua não cadastrada,MG
Ryan Gomes,861.***.***-60,57,,rua não cadastrada,SP
Breno Duarte,463.***.***-98,66,,rua não cadastrada,TO
Eloah Peixoto,064.***.***-16,79,,rua não cadastrada,MG
Luiza Sales,726.***.***-80,56,,rua não cadastrada,GO
Dr. Alexandre Sales,427.***.***-40,87,,rua não cadastrada,SP
Alícia Campos,162.***.***-94,49,,rua não cadastrada,GO
Luigi Porto,826.***.***-83,43,,"parque de santos, 88",PI
